,ID,Description,GeneRatio,BgRatio,pvalue,p.adjust,qvalue,geneID,Count
0,hsa01521,EGFR tyrosine kinase inhibitor resistance,37/206,79/8223,3.8992114995861e-39,8.92919433405217e-37,2.5857928891992e-37,FGFR3/KRAS/PRKCB/AKT1/AKT3/ERBB3/JAK2/PDGFRB/KDR/HRAS/JAK1/AKT2/PRKCG/MET/SOS1/MAP2K2/IGF1R/ERBB2/MAPK1/PDGFRA/EGFR/PIK3R1/FOXO3/MAP2K1/PIK3CA/PLCG1/PLCG2/STAT3/NRAS/FGFR2/NF1/MTOR/GRB2/HGF/PTEN/PIK3CB/BCL2,37
1,hsa04151,PI3K-Akt signaling pathway,63/206,354/8223,1.31955984421647e-37,1.51089602162786e-35,4.37538264134935e-36,TP53/CDKN1A/FGFR3/KRAS/RXRA/KIT/CCND1/AKT1/AKT3/MYC/ERBB3/JAK2/INSR/PDGFRB/KDR/HRAS/GNG7/JAK1/AKT2/MET/SOS1/RAC1/MAP2K2/BRCA1/IGF1R/ERBB2/MAPK1/PDGFRA/EGFR/PIK3R1/FGFR1/FOXO3/MAP2K1/IRS1/PIK3CA/ERBB4/IL4R/PRLR/NTRK2/COL1A1/ANGPT1/FLT4/EPHA2/RELA/VWF/NRAS/FGFR2/MTOR/GRB2/NTRK1/PTK2/HGF/PTEN/GNB1/SYK/PIK3CB/LAMB1/RELN/FLT1/COL4A1/BCL2/PPP2R1A/JAK3,63
2,hsa05205,Proteoglycans in cancer,48/206,205/8223,3.75618310503072e-34,2.86721977017345e-32,8.30314160059422e-33,TP53/CDKN1A/CTNNB1/KRAS/PRKCB/ESR1/CCND1/AKT1/AKT3/MYC/RHOA/ERBB3/KDR/HRAS/AKT2/PRKCG/MET/SOS1/RAC1/MAP2K2/CDC42/IGF1R/ERBB2/MAPK1/EGFR/PIK3R1/FGFR1/MAP2K1/SMAD2/PIK3CA/PLCG1/ACTB/PTPN11/ERBB4/PLCG2/PRKACA/COL1A1/HSPG2/PLCE1/STAT3/NRAS/WNT2/MTOR/GRB2/PTK2/HGF/VAV1/PIK3CB,48
3,hsa05225,Hepatocellular carcinoma,44/206,168/8223,1.53706457343517e-33,8.79969468291634e-32,2.54829126648462e-32,TP53/CDKN1A/NFE2L2/CTNNB1/KRAS/PRKCB/RB1/CCND1/AKT1/AXIN2/AKT3/MYC/HRAS/AKT2/PRKCG/MET/SOS1/MAP2K2/IGF1R/MAPK1/EGFR/PIK3R1/MAP2K1/SMAD2/ARID1A/PIK3CA/CDKN2A/SMARCA4/PLCG1/ACTB/PLCG2/APC/TGFBR2/SMAD3/NRAS/WNT2/MTOR/GRB2/PBRM1/SMARCB1/HGF/PTEN/PIK3CB/SMAD4,44
4,hsa05223,Non-small cell lung cancer,31/206,72/8223,2.13967003675632e-31,9.79968876834396e-30,2.83787815401365e-30,TP53/CDKN1A/KRAS/RXRA/PRKCB/RB1/CCND1/AKT1/AKT3/HRAS/AKT2/PRKCG/MET/SOS1/MAP2K2/ERBB2/MAPK1/EGFR/PIK3R1/FOXO3/MAP2K1/PIK3CA/CDKN2A/PLCG1/PLCG2/STAT3/NRAS/GRB2/HGF/PIK3CB/JAK3,31
5,hsa04014,Ras signaling pathway,47/206,236/8223,5.18029905930908e-30,1.97714747430297e-28,5.72559369713109e-29,FGFR3/KRAS/PRKCB/KIT/AKT1/AKT3/RHOA/INSR/PDGFRB/KDR/HRAS/GNG7/AKT2/PRKCG/MET/SOS1/RAC1/MAP2K2/CDC42/IGF1R/MAPK1/PDGFRA/EGFR/PIK3R1/FGFR1/MAP2K1/PIK3CA/PLCG1/PTPN11/PLCG2/PRKACA/RASA1/NTRK2/ANGPT1/PLCE1/FLT4/EPHA2/RELA/NRAS/FGFR2/NF1/GRB2/NTRK1/HGF/GNB1/PIK3CB/FLT1,47
6,hsa05210,Colorectal cancer,32/206,86/8223,6.26508137249448e-30,2.04957662043034e-28,5.93534024762635e-29,TP53/CDKN1A/CTNNB1/KRAS/CCND1/AKT1/AXIN2/AKT3/MYC/RHOA/HRAS/AKT2/SOS1/RAC1/MAP2K2/MAPK1/EGFR/PIK3R1/MAP2K1/SMAD2/PIK3CA/APC/TGFBR2/SMAD3/NRAS/MSH6/MTOR/MSH2/GRB2/PIK3CB/SMAD4/BCL2,32
7,hsa01522,Endocrine resistance,33/206,98/8223,3.51107081017256e-29,1.00504401941189e-27,2.91049290843251e-28,TP53/CDKN1A/NCOR1/KRAS/ESR1/RB1/CCND1/AKT1/AKT3/HRAS/AKT2/SOS1/MAP2K2/IGF1R/ERBB2/MAPK1/EGFR/PIK3R1/MAP2K1/PIK3CA/CDKN2A/MED1/PRKACA/ADCY1/NOTCH1/NOTCH3/NRAS/MTOR/GRB2/NCOA3/PTK2/PIK3CB/BCL2,33
8,hsa05213,Endometrial cancer,27/206,58/8223,1.39778382360556e-28,3.55658328450749e-27,1.02994597528831e-27,TP53/CDKN1A/CTNNB1/KRAS/CCND1/AKT1/AXIN2/AKT3/MYC/HRAS/AKT2/SOS1/MAP2K2/CDH1/ERBB2/MAPK1/EGFR/PIK3R1/FOXO3/MAP2K1/PIK3CA/CTNNA2/APC/NRAS/GRB2/PTEN/PIK3CB,27
9,hsa05226,Gastric cancer,38/206,149/8223,1.77103272959634e-28,4.05566495077562e-27,1.17447433646915e-27,TP53/CDKN1A/CTNNB1/KRAS/RXRA/RB1/CCND1/AKT1/AXIN2/AKT3/MYC/HRAS/AKT2/MET/SOS1/MAP2K2/CDH1/ERBB2/MAPK1/EGFR/PIK3R1/MAP2K1/SMAD2/PIK3CA/CTNNA2/APC/TGFBR2/SMAD3/NRAS/WNT2/FGFR2/MTOR/GRB2/HGF/PIK3CB/SMAD4/MUC2/BCL2,38
10,hsa04919,Thyroid hormone signaling pathway,35/206,121/8223,2.51148007408573e-28,5.22844488150574e-27,1.51409803509474e-27,TP53/EP300/NCOR1/CTNNB1/KRAS/RXRA/PRKCB/ESR1/CCND1/CREBBP/AKT1/AKT3/MYC/HRAS/AKT2/PRKCG/MAP2K2/MAPK1/PIK3R1/HDAC1/MAP2K1/PIK3CA/MED1/PLCG1/ACTB/PLCG2/PRKACA/NOTCH1/PLCE1/NOTCH3/NRAS/MTOR/NCOA3/NCOA2/PIK3CB,35
11,hsa05215,Prostate cancer,32/206,97/8223,5.53012656823677e-28,1.05533248677185e-26,3.05612257718348e-27,TP53/EP300/CDKN1A/CTNNB1/KRAS/RB1/CCND1/CREBBP/AKT1/AKT3/PDGFRB/HRAS/AKT2/SOS1/MAP2K2/IGF1R/ERBB2/MAPK1/PDGFRA/EGFR/PIK3R1/FGFR1/MAP2K1/PIK3CA/RELA/NRAS/FGFR2/MTOR/GRB2/PTEN/PIK3CB/BCL2,32
12,hsa05214,Glioma,29/206,75/8223,9.42709444829905e-28,1.66061894512345e-26,4.80896315986106e-27,TP53/CDKN1A/KRAS/PRKCB/RB1/CCND1/AKT1/AKT3/PDGFRB/HRAS/AKT2/PRKCG/SOS1/MAP2K2/IGF1R/MAPK1/PDGFRA/EGFR/PIK3R1/MAP2K1/PIK3CA/CDKN2A/PLCG1/PLCG2/NRAS/MTOR/GRB2/PTEN/PIK3CB,29
13,hsa05224,Breast cancer,37/206,147/8223,1.65563297569772e-27,2.70814251024842e-26,7.84247199014711e-27,TP53/CDKN1A/CTNNB1/KRAS/ESR1/RB1/KIT/CCND1/AKT1/AXIN2/AKT3/MYC/HRAS/AKT2/SOS1/MAP2K2/BRCA1/IGF1R/ERBB2/MAPK1/EGFR/PIK3R1/FGFR1/MAP2K1/PIK3CA/BRCA2/APC/NOTCH1/FLT4/NOTCH3/NRAS/WNT2/MTOR/GRB2/NCOA3/PTEN/PIK3CB,37
14,hsa04015,Rap1 signaling pathway,42/206,210/8223,7.31186027027193e-27,1.11627733459485e-25,3.23261190896233e-26,FGFR3/CTNNB1/KRAS/PRKCB/KIT/PRKD1/AKT1/AKT3/RHOA/INSR/PDGFRB/KDR/HRAS/AKT2/PRKCG/MET/RAC1/MAP2K2/CDC42/PRKD2/IGF1R/CDH1/MAPK1/PDGFRA/EGFR/PIK3R1/FGFR1/MAP2K1/PIK3CA/PLCG1/ACTB/ADCY1/ANGPT1/PLCE1/FLT4/EPHA2/NRAS/FGFR2/HGF/VAV1/PIK3CB/FLT1,42
15,hsa04510,Focal adhesion,41/206,203/8223,2.13077630924242e-26,3.04967359260322e-25,8.83150707120215e-26,CTNNB1/PRKCB/CCND1/AKT1/AKT3/MYLK/RHOA/FYN/PDGFRB/KDR/HRAS/AKT2/PRKCG/MET/SOS1/RAC1/CDC42/IGF1R/ERBB2/MAPK1/PDGFRA/EGFR/PIK3R1/MAP2K1/BIRC3/PIK3CA/ACTB/COL1A1/FLT4/VWF/GRB2/PTK2/HGF/PTEN/VAV1/PIK3CB/LAMB1/RELN/FLT1/COL4A1/BCL2,41
16,hsa05230,Central carbon metabolism in cancer,27/206,70/8223,7.50334252321994e-26,1.01074437518669e-24,2.92700048893409e-25,TP53/FGFR3/KRAS/KIT/AKT1/AKT3/MYC/PDGFRB/HRAS/AKT2/MET/MAP2K2/ERBB2/MAPK1/PDGFRA/EGFR/PIK3R1/FGFR1/MAP2K1/PIK3CA/NRAS/FGFR2/MTOR/NTRK3/NTRK1/PTEN/PIK3CB,27
17,hsa04010,MAPK signaling pathway,47/206,294/8223,1.41151684957977e-25,1.79576310307649e-24,5.2003252352939e-25,TP53/FGFR3/KRAS/PRKCB/KIT/AKT1/AKT3/MYC/ERBB3/INSR/PDGFRB/KDR/HRAS/AKT2/PRKCG/MET/SOS1/RAC1/MAP2K2/CDC42/IGF1R/ERBB2/MAPK1/PDGFRA/EGFR/FGFR1/MAP2K1/ERBB4/PRKACA/RASA1/NTRK2/ANGPT1/TGFBR2/FLT4/EPHA2/RELA/NRAS/DAXX/FGFR2/NF1/MAX/GRB2/CACNA1E/NTRK1/HGF/FLT1/MAP3K1,47
18,hsa05206,MicroRNAs in cancer,48/206,310/8223,1.71694809568016e-25,2.06937428374083e-24,5.99267202370361e-25,TP53/EP300/CDKN1A/FGFR3/KRAS/PRKCB/CCND1/CREBBP/MYC/RHOA/ERBB3/CDC25C/PDGFRB/HRAS/PRKCG/MET/SOS1/MAP2K2/BRCA1/DNMT3B/ERBB2/MAPK1/PDGFRA/EGFR/SOCS1/PIK3R1/HDAC1/MAP2K1/IRS1/IRS2/PIK3CA/CDKN2A/EZH2/PLCG1/PLCG2/APC/ATM/NOTCH1/STAT3/NOTCH3/NRAS/MTOR/DNMT1/BMPR2/GRB2/PTEN/PIK3CB/BCL2,48
19,hsa05212,Pancreatic cancer,27/206,76/8223,1.03187019852182e-24,1.12522988314999e-23,3.25853746901628e-24,TP53/CDKN1A/KRAS/RB1/CCND1/AKT1/AKT3/JAK1/AKT2/RAC1/CDC42/ERBB2/MAPK1/EGFR/PIK3R1/MAP2K1/SMAD2/PIK3CA/BRCA2/CDKN2A/STAT3/TGFBR2/RELA/SMAD3/MTOR/PIK3CB/SMAD4,27
20,hsa05220,Chronic myeloid leukemia,27/206,76/8223,1.03187019852182e-24,1.12522988314999e-23,3.25853746901628e-24,TP53/CDKN1A/KRAS/RB1/CCND1/AKT1/AKT3/MYC/HRAS/AKT2/SOS1/MAP2K2/MAPK1/PIK3R1/HDAC1/MAP2K1/PIK3CA/CDKN2A/PTPN11/TGFBR2/RELA/SMAD3/NRAS/GRB2/RUNX1/PIK3CB/SMAD4,27
21,hsa05218,Melanoma,26/206,72/8223,4.8371696634217e-24,5.03505387692531e-23,1.45809420476348e-23,TP53/CDKN1A/KRAS/RB1/CCND1/AKT1/AKT3/PDGFRB/HRAS/AKT2/MET/MAP2K2/IGF1R/CDH1/MAPK1/PDGFRA/EGFR/PIK3R1/FGFR1/MAP2K1/PIK3CA/CDKN2A/NRAS/HGF/PTEN/PIK3CB,26
22,hsa05166,Human T-cell leukemia virus 1 infection,40/206,222/8223,9.02176447895809e-24,8.9825394160061e-23,2.60124101681629e-23,TP53/EP300/CDKN1A/KRAS/RB1/CCND1/CREBBP/AKT1/AKT3/MYC/ESPL1/ATR/HRAS/JAK1/AKT2/MAP2K2/NFATC2/EGR2/MAPK1/PIK3R1/MAP2K1/SMAD2/PIK3CA/CDKN2A/TRRAP/PRKACA/ADCY1/EGR1/ATM/CDC20/CCNB2/TGFBR2/RELA/SMAD3/NRAS/PTEN/PIK3CB/SMAD4/MAP3K1/JAK3,40
23,hsa05161,Hepatitis B,35/206,162/8223,1.31106708738317e-23,1.23651285780385e-22,3.58080027771283e-23,TP53/EP300/CDKN1A/KRAS/PRKCB/RB1/CREBBP/AKT1/AKT3/MYC/JAK2/HRAS/JAK1/AKT2/PRKCG/SOS1/MAP2K2/NFATC2/EGR2/MAPK1/PIK3R1/MAP2K1/PIK3CA/HSPG2/STAT3/TGFBR2/RELA/SMAD3/NRAS/GRB2/PIK3CB/SMAD4/MAP3K1/BCL2/JAK3,35
24,hsa04933,AGE-RAGE signaling pathway in diabetic complications,29/206,100/8223,1.34990486659809e-23,1.23651285780385e-22,3.58080027771283e-23,KRAS/PRKCB/CCND1/AKT1/AKT3/JAK2/HRAS/AKT2/RAC1/CDC42/MAPK1/PIK3R1/SMAD2/PIK3CA/PLCG1/PLCG2/EGR1/COL1A1/PLCE1/STAT3/TGFBR2/RELA/SMAD3/NRAS/COL3A1/PIK3CB/SMAD4/COL4A1/BCL2,29
25,hsa04068,FoxO signaling pathway,32/206,131/8223,2.10883368452327e-23,1.85739582213781e-22,5.37880656376381e-23,EP300/CDKN1A/KRAS/PLK1/CCND1/CREBBP/AKT1/AKT3/INSR/HRAS/AKT2/SOS1/MAP2K2/IGF1R/MAPK1/EGFR/PIK3R1/FOXO3/MAP2K1/IRS1/IRS2/PIK3CA/ATM/CCNB2/STAT3/TGFBR2/SMAD3/NRAS/GRB2/PTEN/PIK3CB/SMAD4,32
26,hsa04012,ErbB signaling pathway,27/206,85/8223,3.29110952020699e-23,2.7913484449163e-22,8.08342689173647e-23,CDKN1A/KRAS/PRKCB/AKT1/AKT3/MYC/ERBB3/HRAS/AKT2/PRKCG/SOS1/MAP2K2/ERBB2/MAPK1/EGFR/PIK3R1/MAP2K1/PIK3CA/PLCG1/ERBB4/PLCG2/NRAS/MTOR/GRB2/PTK2/PIK3CB/CBLB,27
27,hsa05165,Human papillomavirus infection,46/206,331/8223,2.25350588225854e-22,1.84304588227573e-21,5.33725077377021e-22,TP53/EP300/CDKN1A/CTNNB1/KRAS/RB1/CCND1/CREBBP/AKT1/AXIN2/AKT3/ATR/PDGFRB/HRAS/JAK1/AKT2/SOS1/MAP2K2/CDC42/MAPK1/EGFR/PIK3R1/HDAC1/MAP2K1/PIK3CA/PRKACA/APC/ATM/NOTCH1/COL1A1/RELA/NOTCH3/VWF/MAML3/NRAS/WNT2/MTOR/GRB2/PTK2/CHD4/PTEN/PIK3CB/LAMB1/RELN/COL4A1/PPP2R1A,46
28,hsa04935,"Growth hormone synthesis, secretion and action",30/206,120/8223,2.68513874363018e-22,2.12033369755625e-21,6.14024467690387e-22,EP300/KRAS/PRKCB/CREBBP/AKT1/AKT3/JAK2/HRAS/AKT2/PRKCG/SOS1/MAP2K2/MAPK1/SOCS1/PIK3R1/MAP2K1/IRS1/IRS2/PIK3CA/PLCG1/PLCG2/PRKACA/ADCY1/STAT3/NRAS/MTOR/GRB2/PTK2/PIK3CB/MAP3K1,30
29,hsa04722,Neurotrophin signaling pathway,29/206,119/8223,3.08174775368658e-21,2.35240078531409e-20,6.81228450814929e-21,TP53/KRAS/AKT1/AKT3/RHOA/HRAS/AKT2/SOS1/RAC1/MAP2K2/CDC42/MAPK1/PIK3R1/FOXO3/MAP2K1/IRS1/PIK3CA/PLCG1/PTPN11/PLCG2/NTRK2/RELA/NRAS/GRB2/NTRK3/NTRK1/PIK3CB/MAP3K1/BCL2,29
30,hsa04550,Signaling pathways regulating pluripotency of stem cells,31/206,143/8223,5.11269620260377e-21,3.77679816256859e-20,1.09371769359605e-20,FGFR3/CTNNB1/KRAS/AKT1/AXIN2/AKT3/IL6ST/MYC/JAK2/HRAS/JAK1/AKT2/MAP2K2/IGF1R/MAPK1/PIK3R1/FGFR1/MAP2K1/SMAD2/PIK3CA/APC/STAT3/SMAD3/NRAS/WNT2/FGFR2/BMPR2/GRB2/PIK3CB/SMAD4/JAK3,31
31,hsa05167,Kaposi sarcoma-associated herpesvirus infection,35/206,194/8223,7.4427735920186e-21,5.32623485178831e-20,1.54241689571438e-20,TP53/EP300/CDKN1A/CTNNB1/KRAS/RB1/CCND1/CREBBP/AKT1/AKT3/IL6ST/MYC/JAK2/LYN/HRAS/GNG7/JAK1/AKT2/RAC1/MAP2K2/NFATC2/MAPK1/PIK3R1/MAP2K1/PIK3CA/PLCG1/PLCG2/STAT3/RELA/NRAS/MTOR/C3/GNB1/SYK/PIK3CB,35
32,hsa04662,B cell receptor signaling pathway,25/206,84/8223,9.2079986902022e-21,6.38979303047365e-20,1.85041122004063e-20,KRAS/PRKCB/AKT1/AKT3/LYN/HRAS/AKT2/SOS1/RAC1/MAP2K2/NFATC2/MAPK1/PIK3R1/MAP2K1/MALT1/PIK3CA/PLCG2/RELA/NRAS/GRB2/BTK/SYK/VAV1/PIK3CB/CARD11,25
33,hsa05163,Human cytomegalovirus infection,37/206,225/8223,1.42328896957445e-20,9.58626982448677e-20,2.7760744607799e-20,TP53/CDKN1A/CTNNB1/KRAS/PRKCB/RB1/CCND1/AKT1/AKT3/MYC/RHOA/HRAS/GNG7/JAK1/AKT2/PRKCG/SOS1/RAC1/MAP2K2/NFATC2/MAPK1/PDGFRA/EGFR/PIK3R1/MAP2K1/PIK3CA/CDKN2A/PRKACA/ADCY1/STAT3/RELA/NRAS/MTOR/GRB2/PTK2/GNB1/PIK3CB,37
34,hsa04370,VEGF signaling pathway,21/206,59/8223,1.92298873601445e-19,1.2581840587066e-18,3.64355760508002e-19,KRAS/PRKCB/AKT1/AKT3/KDR/HRAS/AKT2/PRKCG/RAC1/MAP2K2/NFATC2/CDC42/MAPK1/PIK3R1/MAP2K1/PIK3CA/PLCG1/PLCG2/NRAS/PTK2/PIK3CB,21
35,hsa04664,Fc epsilon RI signaling pathway,22/206,68/8223,2.82310323073863e-19,1.79580733288652e-18,5.20045331978169e-19,KRAS/AKT1/AKT3/FYN/LYN/HRAS/AKT2/SOS1/RAC1/MAP2K2/MAPK1/PIK3R1/MAP2K1/PIK3CA/PLCG1/PLCG2/NRAS/GRB2/BTK/SYK/VAV1/PIK3CB,22
36,hsa05211,Renal cell carcinoma,22/206,69/8223,4.05530944599312e-19,2.50990773819574e-18,7.26840668840872e-19,EP300/CDKN1A/KRAS/CREBBP/AKT1/AKT3/HRAS/AKT2/MET/SOS1/RAC1/MAP2K2/CDC42/MAPK1/PIK3R1/MAP2K1/PIK3CA/PTPN11/NRAS/GRB2/HGF/PIK3CB,22
37,hsa04917,Prolactin signaling pathway,22/206,70/8223,5.78663549239905e-19,3.48720928357732e-18,1.00985605546022e-18,KRAS/ESR1/CCND1/AKT1/AKT3/JAK2/HRAS/AKT2/SOS1/MAP2K2/MAPK1/SOCS1/PIK3R1/FOXO3/MAP2K1/PIK3CA/PRLR/STAT3/RELA/NRAS/GRB2/PIK3CB,22
38,hsa04066,HIF-1 signaling pathway,26/206,109/8223,7.18165599603988e-19,4.21692108485418e-18,1.22117227463026e-18,EP300/CDKN1A/PRKCB/CREBBP/AKT1/AKT3/INSR/AKT2/PRKCG/MAP2K2/IGF1R/ERBB2/MAPK1/EGFR/PIK3R1/MAP2K1/PIK3CA/PLCG1/PLCG2/ANGPT1/STAT3/RELA/MTOR/PIK3CB/FLT1/BCL2,26
39,hsa04660,T cell receptor signaling pathway,25/206,104/8223,2.88072345948905e-18,1.64921418055748e-17,4.77593626178448e-18,KRAS/AKT1/AKT3/RHOA/FYN/HRAS/AKT2/SOS1/MAP2K2/NFATC2/CDC42/MAPK1/PIK3R1/MAP2K1/MALT1/PIK3CA/PLCG1/PRKCQ/RELA/NRAS/GRB2/VAV1/PIK3CB/CARD11/CBLB,25
40,hsa05221,Acute myeloid leukemia,21/206,67/8223,4.03657232000407e-18,2.2545733201974e-17,6.52898732118758e-18,KRAS/KIT/CCND1/AKT1/AKT3/MYC/HRAS/AKT2/SOS1/MAP2K2/MAPK1/PIK3R1/MAP2K1/PIK3CA/STAT3/RELA/NRAS/MTOR/GRB2/RUNX1/PIK3CB,21
41,hsa04062,Chemokine signaling pathway,32/206,192/8223,4.8346893987502e-18,2.63605683884237e-17,7.63372010328979e-18,KRAS/PRKCB/AKT1/AKT3/RHOA/JAK2/LYN/HRAS/GNG7/AKT2/SOS1/RAC1/CDC42/MAPK1/PIK3R1/FOXO3/MAP2K1/PIK3CA/PLCG1/PLCG2/PRKACA/ADCY1/STAT3/RELA/NRAS/GRB2/PTK2/DOCK2/GNB1/VAV1/PIK3CB/JAK3,32
42,hsa04630,JAK-STAT signaling pathway,30/206,166/8223,5.52511354907508e-18,2.9424441924144e-17,8.52098295206193e-18,EP300/CDKN1A/CCND1/CREBBP/AKT1/AKT3/IL6ST/MYC/JAK2/PDGFRB/HRAS/JAK1/AKT2/SOS1/PDGFRA/EGFR/SOCS1/PIK3R1/PIK3CA/PTPN11/IL4R/LEPR/PRLR/STAT3/PTPN2/MTOR/GRB2/PIK3CB/BCL2/JAK3,30
43,hsa04218,Cellular senescence,29/206,156/8223,9.25588987100272e-18,4.81726995559005e-17,1.39502646381142e-17,TP53/CDKN1A/KRAS/RB1/CCND1/AKT1/AKT3/MYC/ATR/HRAS/AKT2/MAP2K2/NFATC2/MAPK1/PIK3R1/FOXO3/MAP2K1/SMAD2/PIK3CA/CDKN2A/ATM/CCNB2/TGFBR2/RELA/SMAD3/NRAS/MTOR/PTEN/PIK3CB,29
44,hsa05235,PD-L1 expression and PD-1 checkpoint pathway in cancer,23/206,89/8223,1.20434782057871e-17,6.12879224250055e-17,1.77482836716863e-17,KRAS/AKT1/AKT3/JAK2/HRAS/JAK1/AKT2/MAP2K2/NFATC2/MAPK1/EGFR/PIK3R1/MAP2K1/PIK3CA/PLCG1/PTPN11/PRKCQ/STAT3/RELA/NRAS/MTOR/PTEN/PIK3CB,23
45,hsa04926,Relaxin signaling pathway,26/206,129/8223,6.40703457262966e-17,3.18958895028737e-16,9.23668599715488e-17,KRAS/AKT1/AKT3/HRAS/GNG7/AKT2/SOS1/MAP2K2/MAPK1/EGFR/PIK3R1/MAP2K1/SMAD2/PIK3CA/PRKACA/ADCY1/COL1A1/TGFBR2/RELA/NRAS/GRB2/COL3A1/GNB1/PIK3CB/COL4A1/EDNRB,26
46,hsa04072,Phospholipase D signaling pathway,27/206,148/8223,2.24457859674683e-16,1.09363510352133e-15,3.1670425889149e-16,KRAS/KIT/AKT1/AKT3/RHOA/FYN/INSR/PDGFRB/HRAS/AKT2/SOS1/MAP2K2/MAPK1/PDGFRA/EGFR/PIK3R1/MAP2K1/PIK3CA/PLCG1/PTPN11/PLCG2/ADCY1/NRAS/MTOR/GRB2/SYK/PIK3CB,27
47,hsa05203,Viral carcinogenesis,31/206,204/8223,2.58042865017168e-16,1.23107950185274e-15,3.56506589826351e-16,TP53/EP300/CDKN1A/KRAS/RB1/CCND1/CREBBP/IL6ST/RHOA/LYN/HRAS/JAK1/RAC1/EGR2/CDC42/MAPK1/PIK3R1/HDAC1/PIK3CA/CDKN2A/PRKACA/CDC20/STAT3/RELA/NRAS/GRB2/C3/CHD4/SYK/PIK3CB/JAK3,31
48,hsa04520,Adherens junction,20/206,71/8223,2.76379727166505e-16,1.29165219430877e-15,3.74047751052412e-16,EP300/CTNNB1/CREBBP/RHOA/FYN/INSR/MET/RAC1/CDC42/IGF1R/CDH1/ERBB2/MAPK1/EGFR/FGFR1/ACTB/CTNNA2/TGFBR2/SMAD3/SMAD4,20
49,hsa05219,Bladder cancer,16/206,41/8223,7.98034227983358e-16,3.65499676416378e-15,1.05844539711477e-15,TP53/CDKN1A/FGFR3/KRAS/RB1/CCND1/MYC/HRAS/MAP2K2/CDH1/ERBB2/MAPK1/EGFR/MAP2K1/CDKN2A/NRAS,16
50,hsa05231,Choline metabolism in cancer,22/206,98/8223,1.62880155214591e-15,7.3136383419885e-15,2.11794629071604e-15,KRAS/PRKCB/AKT1/AKT3/PDGFRB/HRAS/AKT2/PRKCG/SOS1/RAC1/MAP2K2/MAPK1/PDGFRA/EGFR/PIK3R1/MAP2K1/PIK3CA/PLCG1/NRAS/MTOR/GRB2/PIK3CB,22
51,hsa05216,Thyroid cancer,15/206,37/8223,3.32678193519155e-15,1.46506358299782e-14,4.24265712382728e-15,TP53/CDKN1A/CTNNB1/KRAS/RXRA/CCND1/MYC/HRAS/MAP2K2/CDH1/MAPK1/MAP2K1/TPR/NRAS/NTRK1,15
52,hsa04213,Longevity regulating pathway - multiple species,18/206,62/8223,5.03694338045371e-15,2.17633968702622e-14,6.30243163790632e-15,KRAS/AKT1/AKT3/INSR/HRAS/AKT2/IGF1R/PIK3R1/HDAC1/FOXO3/IRS1/IRS2/PIK3CA/PRKACA/ADCY1/NRAS/MTOR/PIK3CB,18
53,hsa05160,Hepatitis C,26/206,157/8223,9.64880563989444e-15,4.09180831765894e-14,1.18494104349581e-14,TP53/CDKN1A/CTNNB1/KRAS/RXRA/RB1/CCND1/AKT1/AKT3/MYC/HRAS/JAK1/AKT2/SOS1/MAP2K2/MAPK1/EGFR/PIK3R1/MAP2K1/PIK3CA/STAT3/RELA/NRAS/GRB2/PIK3CB/PPP2R1A,26
54,hsa05207,Chemical carcinogenesis - receptor activation,29/206,212/8223,4.39940571124237e-14,1.83175255977182e-13,5.30454659920133e-14,KRAS/RXRA/PRKCB/ESR1/RB1/CCND1/AKT1/AKT3/MYC/JAK2/HRAS/AKT2/PRKCG/SOS1/MAP2K2/MAPK1/EGFR/PIK3R1/MAP2K1/PIK3CA/PRKACA/ADCY1/STAT3/RELA/NRAS/MTOR/GRB2/PIK3CB/BCL2,29
55,hsa05222,Small cell lung cancer,20/206,92/8223,6.46216140126797e-14,2.64256243016136e-13,7.65255955413312e-14,TP53/CDKN1A/RXRA/RB1/CCND1/AKT1/AKT3/MYC/AKT2/PIK3R1/BIRC3/PIK3CA/RELA/MAX/PTK2/PTEN/PIK3CB/LAMB1/COL4A1/BCL2,20
56,hsa01524,Platinum drug resistance,18/206,73/8223,1.17599245557378e-13,4.71312838012016e-13,1.36486825073578e-13,TP53/CDKN1A/AKT1/AKT3/AKT2/BRCA1/ERBB2/MAPK1/PIK3R1/BIRC3/PIK3CA/CDKN2A/ATM/MSH6/MSH2/REV3L/PIK3CB/BCL2,18
57,hsa04071,Sphingolipid signaling pathway,22/206,119/8223,1.1937181050086e-13,4.71312838012016e-13,1.36486825073578e-13,TP53/KRAS/PRKCB/AKT1/AKT3/RHOA/FYN/HRAS/AKT2/PRKCG/RAC1/MAP2K2/MAPK1/PIK3R1/MAP2K1/PIK3CA/RELA/NRAS/PTEN/PIK3CB/BCL2/PPP2R1A,22
58,hsa05170,Human immunodeficiency virus 1 infection,28/206,212/8223,3.07390319790886e-13,1.19309124122225e-12,3.4550562260171e-13,KRAS/PRKCB/AKT1/AKT3/ATR/CDC25C/HRAS/GNG7/AKT2/PRKCG/RAC1/MAP2K2/NFATC2/MAPK1/PIK3R1/MAP2K1/PIK3CA/PLCG1/PLCG2/ATM/CCNB2/RELA/NRAS/MTOR/PTK2/GNB1/PIK3CB/BCL2,28
59,hsa04371,Apelin signaling pathway,23/206,139/8223,3.78967892186557e-13,1.44639412184536e-12,4.18859249258826e-13,KRAS/CCND1/AKT1/AKT3/MYLK/HRAS/GNG7/AKT2/MAP2K2/CDH1/MAPK1/MAP2K1/SMAD2/PRKACA/ADCY1/EGR1/RYR1/NOTCH3/SMAD3/NRAS/MTOR/GNB1/SMAD4,23
60,hsa04211,Longevity regulating pathway,19/206,89/8223,4.00363569372246e-13,1.50300421944663e-12,4.35252888187257e-13,TP53/KRAS/AKT1/AKT3/INSR/HRAS/AKT2/IGF1R/PIK3R1/FOXO3/IRS1/IRS2/PIK3CA/PRKACA/ADCY1/RELA/NRAS/MTOR/PIK3CB,19
61,hsa04020,Calcium signaling pathway,29/206,240/8223,1.12353501448088e-12,4.14983094058261e-12,1.20174373365527e-12,FGFR3/PRKCB/MYLK/ERBB3/PDGFRB/KDR/PRKCG/MET/ERBB2/PDGFRA/EGFR/FGFR1/PLCG1/ERBB4/PLCG2/PRKACA/ADCY1/NTRK2/PLCE1/RYR1/FLT4/FGFR2/CACNA1E/NTRK3/NTRK1/HGF/CYSLTR2/FLT1/EDNRB,29
62,hsa04659,Th17 cell differentiation,20/206,108/8223,1.59937169477019e-12,5.81358917622815e-12,1.68354915238967e-12,RXRA/IL6ST/JAK2/JAK1/NFATC2/MAPK1/SMAD2/PLCG1/IL4R/GATA3/PRKCQ/STAT3/TGFBR2/RELA/SMAD3/IRF4/MTOR/RUNX1/SMAD4/JAK3,20
63,hsa04210,Apoptosis,22/206,136/8223,2.0435219967416e-12,7.31197714459105e-12,2.11746522688686e-12,TP53/KRAS/AKT1/AKT3/HRAS/AKT2/MAP2K2/MAPK1/PIK3R1/MAP2K1/BIRC3/PIK3CA/SPTAN1/ACTB/ATM/RELA/NRAS/DAXX/PTPN13/NTRK1/PIK3CB/BCL2,22
64,hsa04810,Regulation of actin cytoskeleton,28/206,229/8223,2.13430854131376e-12,7.51933316862849e-12,2.17751316765615e-12,FGFR3/KRAS/AKT1/AKT3/MYLK/RHOA/PDGFRB/HRAS/AKT2/SOS1/RAC1/MAP2K2/CDC42/MAPK1/PDGFRA/EGFR/PIK3R1/FGFR1/MAP2K1/PIK3CA/ACTB/APC/NRAS/FGFR2/PTK2/VAV1/PIK3CB/CYFIP1,28
65,hsa04611,Platelet activation,21/206,124/8223,2.66208053431314e-12,9.23661276299559e-12,2.67481776175004e-12,AKT1/AKT3/MYLK/RHOA/FYN/LYN/PRKG1/AKT2/MAPK1/PIK3R1/PIK3CA/ACTB/PLCG2/PRKACA/ADCY1/COL1A1/VWF/BTK/COL3A1/SYK/PIK3CB,21
66,hsa04725,Cholinergic synapse,20/206,113/8223,3.87055171642102e-12,1.32291991501554e-11,3.83102526527139e-12,KRAS/PRKCB/AKT1/AKT3/FYN/JAK2/HRAS/GNG7/AKT2/PRKCG/MAPK1/PIK3R1/MAP2K1/PIK3CA/PRKACA/ADCY1/NRAS/GNB1/PIK3CB/BCL2,20
67,hsa04150,mTOR signaling pathway,23/206,156/8223,4.63555481971057e-12,1.56109125546136e-11,4.52074231643601e-12,KRAS/PRKCB/AKT1/AKT3/RHOA/INSR/HRAS/AKT2/PRKCG/SOS1/MAP2K2/IGF1R/MAPK1/PIK3R1/MAP2K1/IRS1/PIK3CA/NRAS/WNT2/MTOR/GRB2/PTEN/PIK3CB,23
68,hsa04625,C-type lectin receptor signaling pathway,19/206,104/8223,7.63709339949818e-12,2.53462954852911e-11,7.33999823292731e-12,KRAS/AKT1/AKT3/RHOA/HRAS/AKT2/NFATC2/EGR2/MAPK1/PIK3R1/MALT1/PIK3CA/PTPN11/PLCG2/RELA/NRAS/SYK/PIK3CB/CBLB,19
69,hsa04650,Natural killer cell mediated cytotoxicity,21/206,131/8223,8.0080842096895e-12,2.61978754859842e-11,7.58660609339006e-12,KRAS/PRKCB/FYN/HRAS/PRKCG/SOS1/RAC1/MAP2K2/NFATC2/MAPK1/PIK3R1/MAP2K1/PIK3CA/PLCG1/PTPN11/PLCG2/NRAS/GRB2/SYK/VAV1/PIK3CB,21
70,hsa05417,Lipid and atherosclerosis,26/206,215/8223,1.80622709008945e-11,5.82571836099273e-11,1.68706162602869e-11,TP53/NFE2L2/KRAS/RXRA/AKT1/AKT3/RHOA/JAK2/LYN/HRAS/AKT2/RAC1/NFATC2/CDC42/MAPK1/PIK3R1/PIK3CA/PLCG1/STAT3/RELA/NRAS/PTK2/APOB/VAV1/PIK3CB/BCL2,26
71,hsa04910,Insulin signaling pathway,21/206,137/8223,1.9446133931035e-11,6.18495093084307e-11,1.79109128312164e-11,KRAS/AKT1/AKT3/INSR/HRAS/AKT2/SOS1/MAP2K2/MAPK1/SOCS1/PIK3R1/MAP2K1/IRS1/IRS2/PIK3CA/PRKACA/NRAS/MTOR/GRB2/PIK3CB/CBLB,21
72,hsa04915,Estrogen signaling pathway,21/206,138/8223,2.24388901223609e-11,7.03904909317895e-11,2.03842837448988e-11,KRAS/ESR1/AKT1/AKT3/HRAS/AKT2/SOS1/MAP2K2/MAPK1/EGFR/PIK3R1/MAP2K1/PIK3CA/PRKACA/ADCY1/NRAS/GRB2/NCOA3/NCOA2/PIK3CB/BCL2,21
73,hsa04110,Cell cycle,20/206,127/8223,3.62419661516609e-11,1.1215419255041e-10,3.2478575640891e-11,TP53/EP300/CDKN1A/RB1/PLK1/CCND1/CREBBP/MYC/ESPL1/ATR/CDC25C/HDAC1/SMAD2/CDKN2A/ATM/CDC20/CCNB2/PRKDC/SMAD3/SMAD4,20
74,hsa05208,Chemical carcinogenesis - reactive oxygen species,26/206,223/8223,4.16286694659633e-11,1.27106204102741e-10,3.68085077383254e-11,NFE2L2/KRAS/PRKD1/AKT1/AKT3/HRAS/AKT2/MET/SOS1/RAC1/MAP2K2/PRKD2/MAPK1/EGFR/PIK3R1/FOXO3/MAP2K1/PIK3CA/PTPN11/RELA/NRAS/GRB2/PTK2/HGF/PTEN/PIK3CB,26
75,hsa04360,Axon guidance,23/206,182/8223,1.17416446412119e-10,3.53794292478621e-10,1.02454793960713e-10,KRAS/RHOA/FYN/HRAS/MET/RAC1/NFATC2/CDC42/MAPK1/PIK3R1/PIK3CA/EPHA3/PLCG1/PTPN11/PLCG2/RASA1/EPHA2/EPHA1/NRAS/BMPR2/PTK2/PIK3CB/EPHB1,23
76,hsa04666,Fc gamma R-mediated phagocytosis,17/206,97/8223,2.01693176886193e-10,5.99840746843354e-10,1.73707042294329e-10,PRKCB/AKT1/AKT3/LYN/AKT2/PRKCG/RAC1/CDC42/MAPK1/PIK3R1/MAP2K1/PIK3CA/PLCG1/PLCG2/SYK/VAV1/PIK3CB,17
77,hsa04140,Autophagy - animal,20/206,141/8223,2.54353929921159e-10,7.46757050665966e-10,2.16252329082766e-10,KRAS/AKT1/AKT3/HRAS/AKT2/MAP2K2/IGF1R/MAPK1/PIK3R1/MAP2K1/IRS1/IRS2/PIK3CA/PRKACA/PRKCQ/NRAS/MTOR/PTEN/PIK3CB/BCL2,20
78,hsa04380,Osteoclast differentiation,19/206,128/8223,3.28989400451628e-10,9.53652819030668e-10,2.76166985055997e-10,AKT1/AKT3/FYN/JAK1/AKT2/RAC1/NFATC2/MAPK1/SOCS1/PIK3R1/MAP2K1/PIK3CA/PLCG2/TGFBR2/RELA/GRB2/BTK/SYK/PIK3CB,19
79,hsa04929,GnRH secretion,14/206,64/8223,3.9163896501365e-10,1.12106653735157e-09,3.2464808941921e-10,KRAS/PRKCB/AKT1/AKT3/HRAS/AKT2/PRKCG/MAP2K2/MAPK1/PIK3R1/MAP2K1/PIK3CA/NRAS/PIK3CB,14
80,hsa04540,Gap junction,16/206,88/8223,3.97344505903954e-10,1.12335668953093e-09,3.25311291383354e-10,KRAS/PRKCB/PDGFRB/HRAS/PRKG1/PRKCG/SOS1/MAP2K2/MAPK1/PDGFRA/EGFR/MAP2K1/PRKACA/ADCY1/NRAS/GRB2,16
81,hsa05169,Epstein-Barr virus infection,23/206,202/8223,9.682138341784e-10,2.70391424422992e-09,7.83022741376626e-10,TP53/CDKN1A/RB1/CCND1/AKT1/AKT3/MYC/LYN/JAK1/AKT2/RAC1/PIK3R1/HDAC1/NCOR2/PIK3CA/PLCG2/STAT3/RELA/BTK/SYK/PIK3CB/BCL2/JAK3,23
82,hsa04613,Neutrophil extracellular trap formation,22/206,190/8223,1.66769569966116e-09,4.60123271352296e-09,1.33246454126383e-09,PRKCB/AKT1/AKT3/AKT2/PRKCG/RAC1/MAP2K2/MAPK1/PIK3R1/HDAC1/MAP2K1/PIK3CA/PLCG1/ACTB/PLCG2/RELA/VWF/MTOR/CR1/C3/SYK/PIK3CB,22
83,hsa04730,Long-term depression,13/206,60/8223,1.92274608960387e-09,5.24177207761054e-09,1.51795743916095e-09,KRAS/PRKCB/LYN/HRAS/PRKG1/PRKCG/MAP2K2/IGF1R/MAPK1/MAP2K1/RYR1/NRAS/PPP2R1A,13
84,hsa05131,Shigellosis,25/206,247/8223,2.09379049060132e-09,5.64091790997297e-09,1.63354552207905e-09,TP53/AKT1/AKT3/RHOA/AKT2/RAC1/CDC42/MAPK1/EGFR/PIK3R1/FOXO3/MALT1/PIK3CA/PLCG1/ACTB/PLCG2/ATM/PLCE1/PRKCQ/RELA/MTOR/PTK2/C3/PIK3CB/BCL2,25
85,hsa04916,Melanogenesis,16/206,101/8223,3.29394726903878e-09,8.77109214662652e-09,2.5400082980348e-09,EP300/CTNNB1/KRAS/PRKCB/KIT/CREBBP/HRAS/PRKCG/MAP2K2/MAPK1/MAP2K1/PRKACA/ADCY1/NRAS/WNT2/EDNRB,16
86,hsa05135,Yersinia infection,18/206,137/8223,7.33066004299441e-09,1.92956454005255e-08,5.58779894384329e-09,AKT1/AKT3/RHOA/AKT2/RAC1/MAP2K2/NFATC2/CDC42/MAPK1/PIK3R1/MAP2K1/PIK3CA/PLCG1/ACTB/RELA/PTK2/VAV1/PIK3CB,18
87,hsa04912,GnRH signaling pathway,15/206,93/8223,8.05948592763156e-09,2.09729804253139e-08,6.07353604594244e-09,KRAS/PRKCB/HRAS/SOS1/MAP2K2/CDC42/MAPK1/EGFR/MAP2K1/PRKACA/ADCY1/EGR1/NRAS/GRB2/MAP3K1,15
88,hsa04931,Insulin resistance,16/206,108/8223,8.98230230991798e-09,2.31117666176541e-08,6.69290414576975e-09,PRKCB/AKT1/AKT3/INSR/AKT2/PIK3R1/IRS1/IRS2/PIK3CA/PTPN11/PRKCQ/STAT3/RELA/MTOR/PTEN/PIK3CB,16
89,hsa04920,Adipocytokine signaling pathway,13/206,69/8223,1.17932037429398e-08,3.00071517459245e-08,8.68972907374508e-09,RXRA/AKT1/AKT3/JAK2/AKT2/IRS1/IRS2/PTPN11/LEPR/PRKCQ/STAT3/RELA/MTOR,13
90,hsa04923,Regulation of lipolysis in adipocytes,12/206,58/8223,1.43791237022246e-08,3.61848277781256e-08,1.04787136291515e-08,AKT1/AKT3/INSR/PRKG1/AKT2/PIK3R1/IRS1/IRS2/PIK3CA/PRKACA/ADCY1/PIK3CB,12
91,hsa04670,Leukocyte transendothelial migration,16/206,114/8223,1.99329970817014e-08,4.9615829692496e-08,1.4368178674453e-08,CTNNB1/PRKCB/RHOA/PRKCG/RAC1/CDC42/PIK3R1/PIK3CA/PLCG1/ACTB/PTPN11/PLCG2/CTNNA2/PTK2/VAV1/PIK3CB,16
92,hsa04914,Progesterone-mediated oocyte maturation,15/206,102/8223,2.95014179987798e-08,7.26432765776405e-08,2.10366647869058e-08,KRAS/PLK1/AKT1/AKT3/CDC25C/AKT2/IGF1R/MAPK1/PIK3R1/MAP2K1/PIK3CA/PRKACA/ADCY1/CCNB2/PIK3CB,15
93,hsa04921,Oxytocin signaling pathway,18/206,154/8223,4.73027566990247e-08,1.15237566851879e-07,3.33714856891216e-08,CDKN1A/KRAS/PRKCB/CCND1/MYLK/RHOA/HRAS/PRKCG/MAP2K2/NFATC2/MAPK1/EGFR/MAP2K1/ACTB/PRKACA/ADCY1/RYR1/NRAS,18
94,hsa05418,Fluid shear stress and atherosclerosis,17/206,139/8223,5.78171860332766e-08,1.39369848438109e-07,4.03599193362485e-08,TP53/NFE2L2/CTNNB1/AKT1/AKT3/RHOA/KDR/AKT2/RAC1/PIK3R1/PIK3CA/ACTB/RELA/BMPR2/PTK2/PIK3CB/BCL2,17
95,hsa04720,Long-term potentiation,12/206,67/8223,7.93130524466284e-08,1.89194677190395e-07,5.47886217558946e-08,EP300/KRAS/PRKCB/CREBBP/HRAS/PRKCG/MAP2K2/MAPK1/MAP2K1/PRKACA/ADCY1/NRAS,12
96,hsa04930,Type II diabetes mellitus,10/206,46/8223,1.45284733773954e-07,3.42991794167375e-07,9.93265135947811e-08,INSR/MAPK1/SOCS1/PIK3R1/IRS1/IRS2/PIK3CA/MTOR/CACNA1E/PIK3CB,10
97,hsa05146,Amoebiasis,14/206,102/8223,2.10291723721723e-07,4.91395966655862e-07,1.42302670187632e-07,PRKCB/PRKCG/PIK3R1/PIK3CA/PRKACA/ADCY1/COL1A1/RELA/PTK2/COL3A1/PIK3CB/LAMB1/COL4A1/MUC2,14
98,hsa04310,Wnt signaling pathway,18/206,170/8223,2.1775301462592e-07,5.03691316659956e-07,1.45863263385784e-07,TP53/EP300/CTNNB1/PRKCB/CCND1/CREBBP/AXIN2/MYC/RHOA/PRKCG/RAC1/NFATC2/PRKACA/APC/SOX17/SMAD3/WNT2/SMAD4,18
99,hsa04960,Aldosterone-regulated sodium reabsorption,9/206,37/8223,2.2099640819933e-07,5.06081774776466e-07,1.46555512805872e-07,KRAS/PRKCB/INSR/PRKCG/MAPK1/PIK3R1/IRS1/PIK3CA/PIK3CB,9
100,hsa04152,AMPK signaling pathway,15/206,121/8223,3.00168359966214e-07,6.8057974685409e-07,1.97088136298817e-07,CCND1/AKT1/AKT3/INSR/AKT2/IGF1R/PIK3R1/FOXO3/IRS1/IRS2/PIK3CA/LEPR/MTOR/PIK3CB/PPP2R1A,15
101,hsa05202,Transcriptional misregulation in cancer,19/206,193/8223,3.13314244544741e-07,7.03421196085742e-07,2.03702759611132e-07,TP53/KDM6A/CDKN1A/NCOR1/RXRA/KMT2A/MYC/MET/IGF1R/HDAC1/BIRC3/ATM/TGFBR2/RELA/MAX/RUNX1/NTRK1/PTK2/FLT1,19
102,hsa04928,"Parathyroid hormone synthesis, secretion and action",14/206,106/8223,3.42280897047725e-07,7.60993450717757e-07,2.20375028247385e-07,CDKN1A/RXRA/PRKCB/RHOA/PRKCG/MAPK1/EGFR/FGFR1/MAP2K1/PRKACA/ADCY1/GATA3/EGR1/BCL2,14
103,hsa04390,Hippo signaling pathway,17/206,157/8223,3.47611114972958e-07,7.65412935853916e-07,2.21654860762109e-07,CTNNB1/CCND1/AXIN2/MYC/CDH1/SMAD2/BIRC3/ACTB/AJUBA/CTNNA2/APC/TGFBR2/SMAD3/WNT2/BMPR2/SMAD4/PPP2R1A,17
104,hsa05100,Bacterial invasion of epithelial cells,12/206,77/8223,3.90021157808211e-07,8.50617572743621e-07,2.46329152299923e-07,CTNNB1/RHOA/MET/RAC1/CDC42/CDH1/PIK3R1/PIK3CA/ACTB/CTNNA2/PTK2/PIK3CB,12
105,hsa04658,Th1 and Th2 cell differentiation,13/206,92/8223,4.10264152876983e-07,8.86325386875747e-07,2.56669728214995e-07,JAK2/JAK1/NFATC2/MAPK1/PLCG1/IL4R/GATA3/NOTCH1/PRKCQ/RELA/NOTCH3/MAML3/JAK3,13
106,hsa05415,Diabetic cardiomyopathy,19/206,203/8223,6.8730589848197e-07,1.47096309114366e-06,4.25974142689268e-07,PRKCB/AKT1/AKT3/INSR/AKT2/PRKCG/RAC1/PIK3R1/SMAD2/IRS1/PIK3CA/COL1A1/TGFBR2/RELA/SMAD3/MTOR/COL3A1/PTEN/PIK3CB,19
107,hsa05142,Chagas disease,13/206,102/8223,1.3786452590935e-06,2.92323855863344e-06,8.46536562601272e-07,AKT1/AKT3/AKT2/MAPK1/PIK3R1/SMAD2/PIK3CA/ADCY1/TGFBR2/RELA/C3/PIK3CB/PPP2R1A,13
108,hsa04934,Cushing syndrome,16/206,155/8223,1.4872189118796e-06,3.12452413596724e-06,9.04826571206324e-07,KMT2D/CDKN1A/CTNNB1/RB1/CCND1/AXIN2/KMT2A/MAP2K2/MAPK1/EGFR/MAP2K1/CDKN2A/PRKACA/ADCY1/APC/WNT2,16
109,hsa04064,NF-kappa B signaling pathway,13/206,104/8223,1.72544135776321e-06,3.59205519025251e-06,1.04021823482376e-06,PRKCB/LYN/BIRC3/MALT1/PLCG1/PLCG2/ATM/PRKCQ/RELA/BTK/SYK/CARD11/BCL2,13
110,hsa05164,Influenza A,16/206,171/8223,5.43344233299939e-06,1.12095341824942e-05,3.24615331416748e-06,EP300/PRKCB/CREBBP/AKT1/AKT3/JAK2/JAK1/AKT2/MAP2K2/MAPK1/PIK3R1/MAP2K1/PIK3CA/ACTB/RELA/PIK3CB,16
111,hsa05162,Measles,14/206,139/8223,9.15901566119407e-06,1.872691595012e-05,5.4231013783386e-06,TP53/CCND1/AKT1/AKT3/JAK1/AKT2/PIK3R1/PIK3CA/STAT3/RELA/PIK3CB/CBLB/BCL2/JAK3,14
112,hsa04024,cAMP signaling pathway,18/206,225/8223,1.26775909769544e-05,2.56917551656863e-05,7.44003941824059e-06,EP300/CREBBP/AKT1/AKT3/RHOA/AKT2/RAC1/MAP2K2/MAPK1/PIK3R1/MAP2K1/PIK3CA/PRKACA/ADCY1/PLCE1/RELA/VAV1/PIK3CB,18
113,hsa05132,Salmonella infection,19/206,249/8223,1.42110902900543e-05,2.85468392668635e-05,8.26683922690141e-06,CTNNB1/AKT1/AKT3/MYC/RHOA/HRAS/AKT2/RAC1/MAP2K2/CDC42/MAPK1/MAP2K1/BIRC3/PIK3CA/ACTB/RELA/PIK3CB/CYFIP1/BCL2,19
114,hsa04022,cGMP-PKG signaling pathway,15/206,167/8223,1.76492563486981e-05,3.51450409030596e-05,1.01776032033682e-05,AKT1/AKT3/MYLK/RHOA/INSR/PRKG1/AKT2/MAP2K2/NFATC2/MAPK1/MAP2K1/IRS1/IRS2/ADCY1/EDNRB,15
115,hsa05145,Toxoplasmosis,12/206,112/8223,2.17204723395102e-05,4.28792083254124e-05,1.24173299218616e-05,AKT1/AKT3/JAK2/JAK1/AKT2/MAPK1/SOCS1/BIRC3/STAT3/RELA/LAMB1/BCL2,12
116,hsa04350,TGF-beta signaling pathway,11/206,96/8223,2.55382198907987e-05,4.99850628631871e-05,1.44751043915458e-05,EP300/CREBBP/MYC/RHOA/MAPK1/SMAD2/TGFBR2/SMAD3/BMPR2/SMAD4/PPP2R1A,11
117,hsa04750,Inflammatory mediator regulation of TRP channels,11/206,98/8223,3.10576217538749e-05,6.02728422172658e-05,1.74543280151126e-05,PRKCB/PRKCG/PIK3R1/PIK3CA/PLCG1/PLCG2/PRKACA/ADCY1/PRKCQ/NTRK1/PIK3CB,11
118,hsa04932,Non-alcoholic fatty liver disease,14/206,155/8223,3.17951978613217e-05,6.11857168927955e-05,1.77186861146684e-05,RXRA/AKT1/AKT3/INSR/AKT2/RAC1/CDC42/PIK3R1/IRS1/IRS2/PIK3CA/LEPR/RELA/PIK3CB,14
119,hsa05152,Tuberculosis,15/206,180/8223,4.27900508091347e-05,8.16576802940987e-05,2.36471333418902e-05,EP300/CREBBP/AKT1/AKT3/RHOA/JAK2/JAK1/AKT2/MAPK1/MALT1/RELA/CR1/C3/SYK/BCL2,15
120,hsa03460,Fanconi anemia pathway,8/206,54/8223,5.23324057996084e-05,9.90423217199201e-05,2.86815273194896e-05,ATR/BRCA1/FANCA/BRIP1/BRCA2/ERCC4/REV3L/FANCM,8
121,hsa04620,Toll-like receptor signaling pathway,11/206,104/8223,5.4222973336152e-05,0.000101779187655564,2.9474092495061e-05,AKT1/AKT3/AKT2/RAC1/MAP2K2/MAPK1/PIK3R1/MAP2K1/PIK3CA/RELA/PIK3CB,11
122,hsa05120,Epithelial cell signaling in Helicobacter pylori infection,9/206,70/8223,5.64671283654365e-05,0.000105129856875487,3.04444081045999e-05,LYN/MET/RAC1/CDC42/EGFR/PLCG1/PTPN11/PLCG2/RELA,9
123,hsa04115,p53 signaling pathway,9/206,73/8223,7.89980769765299e-05,0.000145891609900204,4.22485471096891e-05,TP53/CDKN1A/CCND1/ATR/CDKN2A/ATM/CCNB2/PTEN/BCL2,9
124,hsa04973,Carbohydrate digestion and absorption,7/206,47/8223,0.000150161797665844,0.000275096413323825,7.96647852879843e-05,PRKCB/AKT1/AKT3/AKT2/PIK3R1/PIK3CA/PIK3CB,7
125,hsa05171,Coronavirus disease - COVID-19,16/206,232/8223,0.000226128524002558,0.000410979619020522,0.000119015012632925,PRKCB/IL6ST/JAK1/PRKCG/MAPK1/EGFR/PIK3R1/PIK3CA/PLCG1/PLCG2/STAT3/RELA/VWF/C3/SYK/PIK3CB,16
126,hsa05010,Alzheimer disease,22/206,384/8223,0.000234439742242128,0.000422729928924781,0.000122417768431447,CTNNB1/KRAS/AKT1/AXIN2/AKT3/INSR/HRAS/AKT2/MAP2K2/MAPK1/PIK3R1/MAP2K1/IRS1/IRS2/PIK3CA/LRP1/APC/RELA/NRAS/WNT2/MTOR/PIK3CB,22
127,hsa04114,Oocyte meiosis,11/206,131/8223,0.00042779534019446,0.000765352600816651,0.000221637388423116,PLK1/ESPL1/CDC25C/IGF1R/MAPK1/MAP2K1/PRKACA/ADCY1/CDC20/CCNB2/PPP2R1A,11
128,hsa04270,Vascular smooth muscle contraction,11/206,134/8223,0.000519189376015829,0.000921661760524223,0.000266902739200304,PRKCB/MYLK/RHOA/PRKG1/PRKCG/MAP2K2/MAPK1/MAP2K1/PRKACA/ADCY1/PRKCQ,11
129,hsa04668,TNF signaling pathway,10/206,114/8223,0.000551646119972894,0.000971745857490714,0.000281406522739209,AKT1/AKT3/AKT2/MAPK1/PIK3R1/MAP2K1/BIRC3/PIK3CA/RELA/PIK3CB,10
130,hsa04726,Serotonergic synapse,10/206,115/8223,0.000591229628712685,0.00103352354942904,0.000299296638078739,KRAS/PRKCB/HRAS/GNG7/PRKCG/MAPK1/MAP2K1/PRKACA/NRAS/GNB1,10
131,hsa04330,Notch signaling pathway,7/206,59/8223,0.000631921710463615,0.00109628842194066,0.000317472629658754,EP300/CREBBP/HDAC1/NCOR2/NOTCH1/NOTCH3/MAML3,7
132,hsa04070,Phosphatidylinositol signaling system,9/206,97/8223,0.000692898692031611,0.00118413283936746,0.000342911371547459,PRKCB/PRKCG/PIK3R1/PIK3CA/PLCG1/PLCG2/PLCE1/PTEN/PIK3CB,9
133,hsa04713,Circadian entrainment,9/206,97/8223,0.000692898692031611,0.00118413283936746,0.000342911371547459,PRKCB/PRKG1/GNG7/PRKCG/MAPK1/PRKACA/ADCY1/RYR1/GNB1,9
134,hsa05017,Spinocerebellar ataxia,11/206,143/8223,0.000896573632824789,0.0015208545327176,0.000440422135422703,PRKCB/AKT1/AKT3/AKT2/PRKCG/PIK3R1/PIK3CA/RYR1/MTOR/PIK3CB/RELN,11
135,hsa04714,Thermogenesis,14/206,232/8223,0.00203177309448585,0.00342114734292103,0.000990725270531027,KRAS/HRAS/PRKG1/SOS1/FGFR1/ARID1A/SMARCA4/ACTB/PRKACA/ADCY1/NRAS/MTOR/GRB2/SMARCB1,14
136,hsa03430,Mismatch repair,4/206,23/8223,0.00233025201899479,0.00389509279087451,0.00112797446943275,MSH6/MSH2/RFC1/RFC4,4
137,hsa05034,Alcoholism,12/206,187/8223,0.00253683037398212,0.00420966779450656,0.00121907180443077,KRAS/HRAS/GNG7/SOS1/MAPK1/HDAC1/MAP2K1/PRKACA/NTRK2/NRAS/GRB2/GNB1,12
138,hsa05140,Leishmaniasis,7/206,77/8223,0.00304960287645319,0.00502416588998403,0.00145494116786483,PRKCB/JAK2/JAK1/MAPK1/RELA/CR1/C3,7
139,hsa05022,Pathways of neurodegeneration - multiple diseases,22/206,476/8223,0.00388746489177596,0.00635878185869068,0.00184143073820967,CTNNB1/KRAS/PRKCB/AXIN2/LRRK2/HRAS/PRKCG/RAC1/MAP2K2/MAPK1/MAP2K1/PLCG1/APC/RYR1/RELA/NRAS/WNT2/DAXX/MTOR/DNAH2/DNAH8/BCL2,22
140,hsa00310,Lysine degradation,6/206,63/8223,0.00476108835494159,0.00767809319212412,0.0022234882606473,KMT2C/KMT2D/KMT2A/EZH2/SETD2/KMT2B,6
141,hsa05217,Basal cell carcinoma,6/206,63/8223,0.00476108835494159,0.00767809319212412,0.0022234882606473,TP53/CDKN1A/CTNNB1/AXIN2/APC/WNT2,6
142,hsa05321,Inflammatory bowel disease,6/206,65/8223,0.00555431335119633,0.00889466963233538,0.00257579492915251,SMAD2/IL4R/GATA3/STAT3/RELA/SMAD3,6
143,hsa04728,Dopaminergic synapse,9/206,132/8223,0.00580765779267328,0.00923578912862626,0.00267457924662585,PRKCB/AKT1/AKT3/GNG7/AKT2/PRKCG/PRKACA/GNB1/PPP2R1A,9
144,hsa03420,Nucleotide excision repair,5/206,47/8223,0.00613450889164052,0.00968829335300468,0.00280561931160328,POLE/ERCC2/ERCC4/RFC1/RFC4,5
145,hsa04137,Mitophagy - animal,6/206,72/8223,0.0090985140214261,0.0142709569240176,0.00413270644087847,TP53/KRAS/HRAS/FOXO3/RELA/NRAS,6
146,hsa04120,Ubiquitin mediated proteolysis,9/206,142/8223,0.00923675291482127,0.0143892273298916,0.00416695620217501,BRCA1/SOCS1/BIRC3/FBXW7/HERC2/CDC20/HERC1/CBLB/MAP3K1,9
147,hsa00562,Inositol phosphate metabolism,6/206,73/8223,0.00971205799791923,0.015027441091375,0.00435177563206907,PIK3CA/PLCG1/PLCG2/PLCE1/PTEN/PIK3CB,6
148,hsa04530,Tight junction,10/206,169/8223,0.00988194851835287,0.0151876926892806,0.00439818266800587,CCND1/RHOA/RAC1/CDC42/ERBB2/ACTB/PRKACA/RUNX1/MAP3K1/PPP2R1A,10
149,hsa04971,Gastric acid secretion,6/206,76/8223,0.0117291661271868,0.0179065269541718,0.00518552607728257,PRKCB/MYLK/PRKCG/ACTB/PRKACA/ADCY1,6
150,hsa05416,Viral myocarditis,5/206,60/8223,0.0168336575781255,0.0255291893072234,0.0073929621988282,CCND1/FYN/RAC1/DMD/ACTB,5
151,hsa03440,Homologous recombination,4/206,41/8223,0.018787618070498,0.0283050298562108,0.00819681397812584,BRCA1/BRIP1/BRCA2/ATM,4
152,hsa04512,ECM-receptor interaction,6/206,88/8223,0.0227595184144763,0.034064900110556,0.00986480674311665,COL1A1/HSPG2/VWF/LAMB1/RELN/COL4A1,6
153,hsa04144,Endocytosis,12/206,251/8223,0.0237673765650296,0.0353302275456784,0.0102312311440025,FGFR3/RHOA/HRAS/CDC42/IGF1R/PDGFRA/EGFR/SMAD2/TGFBR2/SMAD3/FGFR2/CBLB,12
154,hsa04727,GABAergic synapse,6/206,89/8223,0.0239134727929264,0.0353302275456784,0.0102312311440025,PRKCB/GNG7/PRKCG/PRKACA/ADCY1/GNB1,6
155,hsa04724,Glutamatergic synapse,7/206,114/8223,0.0241398226936292,0.0354360217746223,0.0102618679466845,PRKCB/GNG7/PRKCG/MAPK1/PRKACA/ADCY1/GNB1,7
156,hsa04936,Alcoholic liver disease,8/206,142/8223,0.0260802089428293,0.0380405595408148,0.0110161123928813,CTNNB1/CCND1/AKT1/AKT3/AKT2/FOXO3/RELA/C3,8
157,hsa05032,Morphine addiction,6/206,91/8223,0.0263377317570198,0.0381730415971995,0.0110544776861575,PRKCB/GNG7/PRKCG/PRKACA/ADCY1/GNB1,6
158,hsa05110,Vibrio cholerae infection,4/206,50/8223,0.0359497468558653,0.0513332963816682,0.0148655374490696,PLCG1/ACTB/PLCG2/PRKACA,4
159,hsa05144,Malaria,4/206,50/8223,0.0359497468558653,0.0513332963816682,0.0148655374490696,MET/LRP1/CR1/HGF,4
160,hsa04925,Aldosterone synthesis and secretion,6/206,98/8223,0.0360902214735746,0.0513332963816682,0.0148655374490696,PRKCB/PRKD1/PRKCG/PRKD2/PRKACA/ADCY1,6
161,hsa04913,Ovarian steroidogenesis,4/206,51/8223,0.0382715255746189,0.0540998725715292,0.015666706375575,INSR/IGF1R/PRKACA/ADCY1,4
162,hsa04261,Adrenergic signaling in cardiomyocytes,8/206,154/8223,0.039473228532033,0.0551597979059729,0.0159736486696221,AKT1/AKT3/AKT2/MAPK1/PRKACA/ADCY1/BCL2/PPP2R1A,8
163,hsa04918,Thyroid hormone synthesis,5/206,75/8223,0.0395030867099544,0.0551597979059729,0.0159736486696221,PRKCB/PRKCG/PRKACA/ADCY1/TG,5
164,hsa04961,Endocrine and other factor-regulated calcium reabsorption,4/206,53/8223,0.0431675307534942,0.0599113002578799,0.0173496295851364,PRKCB/ESR1/PRKCG/PRKACA,4
166,hsa04922,Glucagon signaling pathway,6/206,107/8223,0.0516752048219447,0.070860011402547,0.0205202515208479,EP300/CREBBP/AKT1/AKT3/AKT2/PRKACA,6
167,hsa05130,Pathogenic Escherichia coli infection,9/206,197/8223,0.0592132835376187,0.0807133448221113,0.0233736645543232,RHOA/FYN/RAC1/CDC42/MAPK1/ACTB/PTPN11/RELA/CYFIP1,9
168,hsa03030,DNA replication,3/206,36/8223,0.0604453460856773,0.0819052322699414,0.0237188215720814,POLE/RFC1/RFC4,3
169,hsa04911,Insulin secretion,5/206,86/8223,0.0642137477743627,0.0864996955313474,0.0250493257571817,PRKCB/PRKCG/PRKACA/ADCY1/RIMS2,5
170,hsa04723,Retrograde endocannabinoid signaling,7/206,148/8223,0.0780678402913726,0.104546990799558,0.0302756167334963,PRKCB/GNG7/PRKCG/MAPK1/PRKACA/ADCY1/GNB1,7
171,hsa04970,Salivary secretion,5/206,92/8223,0.0806517616657862,0.107379380357355,0.0310958444611048,PRKCB/PRKG1/PRKCG/PRKACA/ADCY1,5
172,hsa05031,Amphetamine addiction,4/206,69/8223,0.0941959526114785,0.124687128023287,0.0361079708824043,PRKCB/PRKCG/HDAC1/PRKACA,4
173,hsa04972,Pancreatic secretion,5/206,102/8223,0.112518842567831,0.148085143379501,0.0428837693997176,PRKCB/RHOA/PRKCG/RAC1/ADCY1,5
175,hsa05133,Pertussis,4/206,76/8223,0.122672291789474,0.159613379657895,0.0462222152077565,RHOA/MAPK1/RELA/C3,4
176,hsa05412,Arrhythmogenic right ventricular cardiomyopathy,4/206,77/8223,0.127011999187943,0.164326258836379,0.047587011292539,CTNNB1/DMD/ACTB/CTNNA2,4
177,hsa05020,Prion disease,10/206,273/8223,0.147321487387475,0.189531576470404,0.0548861839468418,FYN/RAC1/MAPK1/PIK3R1/PIK3CA/PRKACA/EGR1/NOTCH1/RYR1/PIK3CB,10
178,hsa04392,Hippo signaling pathway - multiple species,2/206,29/8223,0.163626524295882,0.209332257339424,0.0606202354051193,FAT4/AJUBA,2
179,hsa04340,Hedgehog signaling pathway,3/206,56/8223,0.16482212698551,0.209690372664899,0.0607239415209775,CCND1/PRKACA/BCL2,3
180,hsa05134,Legionellosis,3/206,57/8223,0.170980702293118,0.216323650967536,0.0626448633001827,RELA/CR1/C3,3
181,hsa04621,NOD-like receptor signaling pathway,7/206,186/8223,0.185491323785368,0.233392929378293,0.0675879317436564,RHOA/JAK1/MAPK1/BIRC3/RELA/TP53BP1/BCL2,7
182,hsa04215,Apoptosis - multiple species,2/206,32/8223,0.190708902652509,0.238646659603413,0.0691093521260171,BIRC3/BCL2,2
183,hsa04217,Necroptosis,6/206,159/8223,0.20861913713347,0.258942917771217,0.0749869171206005,JAK2/JAK1/BIRC3/STAT3/BCL2/JAK3,6
184,hsa03250,Viral life cycle - HIV-1,3/206,63/8223,0.209189693395961,0.258942917771217,0.0749869171206005,EP300/CREBBP/SMARCB1,3
185,hsa05414,Dilated cardiomyopathy,4/206,96/8223,0.219939063544697,0.270785191138364,0.0784163044896204,DMD/ACTB/PRKACA/ADCY1,4
186,hsa05143,African trypanosomiasis,2/206,37/8223,0.236932055679924,0.290146741982367,0.0840231888985941,PRKCB/PRKCG,2
187,hsa05340,Primary immunodeficiency,2/206,38/8223,0.246266880373231,0.299974019178031,0.0868690563466604,BTK/JAK3,2
189,hsa05030,Cocaine addiction,2/206,49/8223,0.348548927115799,0.420093180576411,0.121654196167841,PRKACA/RELA,2
191,hsa00270,Cysteine and methionine metabolism,2/206,51/8223,0.366762869959327,0.435174596998372,0.126021602440347,DNMT3B/DNMT1,2
193,hsa04976,Bile secretion,3/206,89/8223,0.386282874325075,0.455973083610527,0.132044607067172,RXRA/PRKACA/ADCY1,3
195,hsa05014,Amyotrophic lateral sclerosis,10/206,364/8223,0.428699598456069,0.500878612481836,0.145048736319723,TP53/RAC1/TPR/ACTB/ERBB4/DAXX/MTOR/DNAH2/DNAH8/BCL2,10
196,hsa04640,Hematopoietic cell lineage,3/206,99/8223,0.453361281921552,0.527003723655002,0.15261427069761,KIT/IL4R/CR1,3
197,hsa04927,Cortisol synthesis and secretion,2/206,65/8223,0.487504263287545,0.563830688347716,0.163278939857072,PRKACA/ADCY1,2
200,hsa04622,RIG-I-like receptor signaling pathway,2/206,71/8223,0.534749155242788,0.609241574878599,0.176429414926921,RELA/MAP3K1,2
201,hsa04136,Autophagy - other,1/206,32/8223,0.556660810576412,0.631065968425734,0.182749510507108,MTOR,1
202,hsa03410,Base excision repair,1/206,33/8223,0.56781059363358,0.640535103163004,0.185491663981932,POLE,1
203,hsa04216,Ferroptosis,1/206,41/8223,0.647524612619993,0.726878119068521,0.21049561710557,TP53,1
204,hsa05016,Huntington disease,7/206,306/8223,0.651091910270717,0.727317304643874,0.210622800241618,TP53/EP300/CREBBP/HDAC1/MTOR/DNAH2/DNAH8,7
205,hsa05012,Parkinson disease,6/206,266/8223,0.661072399990132,0.732195504025978,0.212035471172772,TP53/NFE2L2/LRRK2/PLCG1/PRKACA/DAXX,6
206,hsa05410,Hypertrophic cardiomyopathy,2/206,90/8223,0.663933322118194,0.732195504025978,0.212035471172772,DMD/ACTB,2
208,hsa04962,Vasopressin-regulated water reabsorption,1/206,44/8223,0.673486085677846,0.737934514929315,0.213697423307501,PRKACA,1
209,hsa05323,Rheumatoid arthritis,2/206,93/8223,0.681480840553635,0.739865152574921,0.21425651396102,ANGPT1/FLT1,2
210,hsa03022,Basal transcription factors,1/206,45/8223,0.681709813071215,0.739865152574921,0.21425651396102,ERCC2,1
211,hsa04657,IL-17 signaling pathway,2/206,94/8223,0.687162200113567,0.742264829367957,0.21495143300474,MAPK1/RELA,2
212,hsa04145,Phagosome,3/206,152/8223,0.738749704407153,0.792398508200866,0.229469574886944,RAC1/ACTB/C3,3
214,hsa04060,Cytokine-cytokine receptor interaction,6/206,295/8223,0.754705475250383,0.803849087592269,0.232785532145773,IL6ST/IL4R/LEPR/PRLR/TGFBR2/BMPR2,6
215,hsa04514,Cell adhesion molecules,3/206,157/8223,0.75843960751686,0.804086435747041,0.232854265465703,CDH1/VCAN/SLITRK5,3
216,hsa04924,Renin secretion,1/206,69/8223,0.827603605090436,0.873369703067787,0.252917909874836,PRKACA,1
217,hsa03320,PPAR signaling pathway,1/206,75/8223,0.852146921548183,0.891057739883717,0.258040163698801,RXRA,1
218,hsa04623,Cytosolic DNA-sensing pathway,1/206,75/8223,0.852146921548183,0.891057739883717,0.258040163698801,RELA,1
219,hsa04742,Taste transduction,1/206,86/8223,0.888462282439791,0.924808466721419,0.267813989443573,PRKACA,1
220,hsa04080,Neuroactive ligand-receptor interaction,6/206,367/8223,0.903723079303521,0.936437036925368,0.271181490812678,NR3C1/LEPR/PRLR/C3/CYSLTR2/EDNRB,6
222,hsa03015,mRNA surveillance pathway,1/206,97/8223,0.915890430050318,0.940533221890237,0.272367699283314,PPP2R1A,1
223,hsa04061,Viral protein interaction with cytokine and cytokine receptor,1/206,100/8223,0.922127102897078,0.942710297158174,0.272998155462951,IL6ST,1
224,hsa04141,Protein processing in endoplasmic reticulum,2/206,171/8223,0.931554011042285,0.948114971238592,0.274563287465095,NFE2L2/BCL2,2
225,hsa03013,Nucleocytoplasmic transport,1/206,108/8223,0.93659830200152,0.949031022824549,0.274828565561694,TPR,1
228,hsa04740,Olfactory transduction,4/206,439/8223,0.996157565428549,0.996157565428549,0.288475875072391,PRKG1/GNG7/PRKACA/GNB1,4
